concept_id,level_of_cause,predecessors_array,total_yr_deaths_USA,per_100_000_inhabitants_/yr_USA,female_yr_deaths_/yr_USA,female_yr_deaths_=<_4yo_USA,"female_yr_deaths_>=5yo,_<=64yo_USA",female_yr_deaths_>=_65_USA,male_yr_deaths_USA,male_yr_deaths_=<_4yo_USA,"male_yr_deaths_>=5yo,_<=64yo_USA",male_yr_deaths_>=_65_USA,total_deaths_source_year_USA,sources_total_deaths_USA,deaths_quality_USA,total_yr_deaths_FRANCE,per_100_000_inhabitants_/yr_FRANCE,female_yr_deaths_/yr_FRANCE,female_yr_deaths_=<_4yo_FRANCE,"female_yr_deaths_>=5yo,_<=64yo_FRANCE",female_yr_deaths_>=_65_FRANCE,male_yr_deaths_FRANCE,male_yr_deaths_=<_4yo_FRANCE,"male_yr_deaths_>=5yo,_<=64yo_FRANCE",male_yr_deaths_>=_65_FRANCE,total_deaths_source_year_FRANCE,sources_total_deaths_FRANCE,deaths_quality_FRANCE,successor_array,sources_for_causality,causality_quality,is accident,CIM10,comments,concept_id_french
smoke cigarettes,root,,,,,,,,,,,,,,,60000,89.47,28005,0,2958,25047,31995,0,5751,26244,2000,https://archined.ined.fr/download/publication/AW-LrEsx8al0CP9YCadc/4302c03114246c6bd052fc402bb90b271578595880843.pdf,2,,,2,,,"French distribution of total to gender/age groups based on French distribution of total to gender/age groups Mortality in women and men in relation to smoking DOI: 10.1093/ije/27.1.27 · Source: PubMed computed with "">15/day"" smoker deaths - ""Never smoked"" deaths for all death causes",Tabagisme
cigarette smoke irritants,indirect,"[{""predecessor_id"":""smoke cigarettes"",""impact"":""1""}]",,,,,,,,,,,,,,12800,19.09,5974,0,631,5343,6826,0,1227,5599,2000,,1,"[{""successor_id"":""damaged pulmonary alveoli""}]",,1,,,French distribution of total to gender/age groups estimated from predecessor,substances irritantes du tabagisme
cigarette smoke carcinogens,indirect,"[{""predecessor_id"":""smoke cigarettes"",""impact"":""1""}]",,,,,,,,,,,,,,47200,70.38,22030,0,2327,19704,25170,0,4524,20645,2000,,1,"[{""successor_id"":""lung cancer""},{""successor_id"":""pancreatic cancer""},{""successor_id"":""gastric cancer""},{""successor_id"":""bladder cancer""},{""successor_id"":""cancer of the oral cavity and the pharynx""},{""successor_id"":""esophageal cancer""},{""successor_id"":""kidney cancer""},{""successor_id"":""larynx cancer""}]",,1,,,French distribution of total to gender/age groups estimated from predecessor,substances carcinogènes du tabagisme
obesity-related inflammation,root,,,,,,,,,,,,,,,55000,82.01,19390,0,11054,8337,21483,0,14727,6756,1992,"https://www.academie-medecine.fr/lobesite-morbide-probleme-de-sante-publique-traitement-chirurgical-sous-laparoscopie/?lang=en#:~:text=Pour%20la%20France%2C%20le%20taux,177%20932%20cas%20%5B8%5D.",2,"[{""successor_id"":""pancreatic cancer""},{""successor_id"":""gastric cancer""}]",,2,,E66,French distribution of total to gender/age groups based on USA CDC for E66,Obésité
coronary heart disease,direct,"[{""predecessor_id"":""ischemia"",""impact"":""0.601""},{""predecessor_id"":""kidney cancer"",""impact"":""0.142""},{""predecessor_id"":""diabetes"",""impact"":""0.256""}]",,,,,,,,,,,,,,32460,48.40,13118,0,710,12408,19342,0,3539,15803,2016,https://www.santepubliquefrance.fr/docs/bulletin-epidemiologique-hebdomadaire-12-novembre-2019-n-29-30-surveillance-de-la-mortalite-par-cause-medicale-en-france-les-dernieres-evolutions,2,,"sum up from kidney predecessor https://jasn.asnjournals.org/content/26/10/2504, others https://www.nejm.org/doi/full/10.1056/NEJM198405033101801 https://www.ahajournals.org/doi/full/10.1161/01.CIR.93.7.1354 https://www.ncbi.nlm.nih.gov/books/NBK53012/",2,,,,Cardiopathie coronarienne
stroke,direct,"[{""predecessor_id"":""ischemia"",""impact"":""0.657""},{""predecessor_id"":""haemorrhage"",""impact"":""0.164""},{""predecessor_id"":""diabetes"",""impact"":""0.160""},{""predecessor_id"":""non-Hodgkin lymphoma"",""impact"":""0.017""}]",,,,,,,,,,,,,,31228,46.56,18292,2,880,17410,12936,6,1461,11469,2016,https://www.santepubliquefrance.fr/docs/bulletin-epidemiologique-hebdomadaire-12-novembre-2019-n-29-30-surveillance-de-la-mortalite-par-cause-medicale-en-france-les-dernieres-evolutions,2,,sum up from predecessor,2,,,includes venous thrombosis and pulmonary thrombosis https://www.santepubliquefrance.fr/content/download/103214/1687194,Accident vasculaire cérébral
diabetes,indirect,"[{""predecessor_id"":""insulin-producing cells destruction by immune system"",""impact"":""0.1""},{""predecessor_id"":""insulin resistant cells"",""impact"":""0.45""},{""predecessor_id"":""low insulin production by pancreas"",""impact"":""0.45""}]",,,,,,,,,,,,,,11275,16.81,5704,0,342,5362,5571,1,795,4775,2016,https://www.santepubliquefrance.fr/docs/bulletin-epidemiologique-hebdomadaire-12-novembre-2019-n-29-30-surveillance-de-la-mortalite-par-cause-medicale-en-france-les-dernieres-evolutions,2,"[{""successor_id"":""stroke"",""impact"":""0.50""},{""successor_id"":""coronary heart disease"",""impact"":""0.5""}]","https://www.idf.org/aboutdiabetes/type-1-diabetes.html https://www.diabetes.co.uk/diabetes-causes.html https://care.diabetesjournals.org/content/40/12/1763.abstract , https://www.bmj.com/content/bmj/287/6396/867.full.pdf",1,,F10,distrib based on prevalence type 1 and 2 assuming patient with type 2 and 2 have same probability of dying.,Diabète
alcohol-related carcinogens,root,,,,,,,,,,,,,,,30000,44.73,6453,0,3470,2983,23547,0,16351,7196,2001,https://www.ofdt.fr/produits-et-addictions/vue-d-ensemble/#consequ,2,"[{""successor_id"":""liver cancer""},{""successor_id"":""cancer of the oral cavity and the pharynx""},{""successor_id"":""esophageal cancer""},{""successor_id"":""larynx cancer""}]",,2,,,French distribution of total to gender/age groups based CEPIDC F10 and it's unclear if it also includes accidents related to alcool e.g. falls,alcool
lung cancer,indirect,"[{""predecessor_id"":""cigarette smoke carcinogens"",""impact"":""0.7""},{""predecessor_id"":""poor air quality"",""impact"":""0.29""},{""predecessor_id"":""ionizing radiations"",""impact"":""0.02""}]",,,,,,,,,,,,,,31526,47.01,9348,1,3568,5779,23222,1,7916,15305,2016,https://www.santepubliquefrance.fr/docs/bulletin-epidemiologique-hebdomadaire-12-novembre-2019-n-29-30-surveillance-de-la-mortalite-par-cause-medicale-en-france-les-dernieres-evolutions,2,"[{""successor_id"":""low oxygen in blood"",""impact"":""1""}]","https://www.nhs.uk/conditions/lung-cancer/causes/ https://pubmed.ncbi.nlm.nih.gov/23194048/#:~:text=From%20a%20functional%20(pathophysiologic)%20perspective,resection%2C%20and%20lung%20injury%20in",2,,,,Cancer des poumons
colon cancer / rectal cancer,indirect,"[{""predecessor_id"":""APC protein deficiency"",""impact"":""0.8""},{""predecessor_id"":""unknown carcinogens"",""impact"":""0.2""}]",,,,,,,,,,,,,,17716,26.42,8366,0,1307,7059,9350,0,1821,7529,2016,https://www.santepubliquefrance.fr/docs/bulletin-epidemiologique-hebdomadaire-12-novembre-2019-n-29-30-surveillance-de-la-mortalite-par-cause-medicale-en-france-les-dernieres-evolutions,2,"[{""successor_id"":""metastases""}]",https://www.ncbi.nlm.nih.gov/pmc/articles/PMC3754875/,2,,,,Cancer du colon/Cancer du rectum
chronic obstructive pulmonary disease,indirect,"[{""predecessor_id"":""damaged pulmonary alveoli"",""impact"":""1""}]",,,,,,,,,,,,,,16000,23.86,7020,1,179,6840,5998,1,394,5603,2016,https://www.chu-lyon.fr/fr/espace-sante/bpco-broncho-pneumopathie-chronique-obstructive,2,"[{""successor_id"":""low oxygen in blood"",""impact"":""1""}]",1 by definition,2,,,,Broncho-pneumopathie chronique obstructive
suicides,root,,,,,,,,,,,,,,,8427,12.57,1982,0,1307,675,6445,0,4425,2020,2016,https://www.cepidc.inserm.fr/,3,"[{""successor_id"":""traumatic injury""}]",,3,yes,,,Suicides
breast cancer,root,,,,,,,,,,,,,,,12669,18.89,12427,0,3723,8704,242,0,61,181,2016,https://www.santepubliquefrance.fr/docs/bulletin-epidemiologique-hebdomadaire-12-novembre-2019-n-29-30-surveillance-de-la-mortalite-par-cause-medicale-en-france-les-dernieres-evolutions,2,"[{""successor_id"":""infection""}]","no clear mecanism, only correlation ""The main factors that influence your risk include being a woman and getting older."" https://www.cdc.gov/cancer/breast/basic_info/risk_factors.htm",2,,,,Cancer du sein
falls,root,,,,,,,,,,,,,,,10520,15.69,5508,8,275,5225,5012,8,941,4062,2011,https://www.santepubliquefrance.fr/content/download/60413/1193346,2,"[{""successor_id"":""traumatic injury""}]",,3,yes,W00-W19,90% for 65yr+ to distribute,Chutes
natural radiations,root,,,,,,,,,,,,,,,4732,7.06,2358,0,569,1789,2374,0,341,2033,,radon 3000 https://solidarites-sante.gouv.fr/sante-et-environnement/batiments/article/radon + MELANOMA 629,1,"[{""successor_id"":""melanoma"",""impact"":""1732""},{""successor_id"":""ionizing radiations"",""impact"":""3000""}]",,1,,"J70.0,J70.1,L56,L59","includes uv ionizing radiation and rado, distrubtion based on CDC CIM10 over 2009 and 2019",Radiations naturelles
prostate cancer,indirect,"[{""predecessor_id"":""unknown carcinogens"",""impact"":""1""}]",,,,,,,,,,,,,,8721,13.00,0,0,0,0,8721,0,459,8262,2016,https://www.santepubliquefrance.fr/docs/bulletin-epidemiologique-hebdomadaire-12-novembre-2019-n-29-30-surveillance-de-la-mortalite-par-cause-medicale-en-france-les-dernieres-evolutions,2,"[{""successor_id"":""metastases""}]",https://www.cancer.org/cancer/prostate-cancer/detection-diagnosis-staging/survival-rates.html,2,,,,Cancer de la prostate
pancreatic cancer,indirect,"[{""predecessor_id"":""cigarette smoke carcinogens"",""impact"":""0.25""},{""predecessor_id"":""obesity-related inflammation"",""impact"":""0.20""},{""predecessor_id"":""unknown carcinogens"",""impact"":""0.40""},{""predecessor_id"":""inherited gene mutations"",""impact"":""0.15""}]",,,,,,,,,,,,,,11089,16.54,5591,0,954,4637,5498,0,1488,4010,2016,https://www.santepubliquefrance.fr/docs/bulletin-epidemiologique-hebdomadaire-12-novembre-2019-n-29-30-surveillance-de-la-mortalite-par-cause-medicale-en-france-les-dernieres-evolutions,2,"[{""successor_id"":""metastases""}]","https://www.scientificamerican.com/article/experts-pancreatic-cancer-gene-upshaw/#:~:text=When%20most%20patients%20die%20of,being%20taken%20over%20by%20tumor.",2,,,unknown are referenced from ageing,Cancer du pancréas
liver cancer,indirect,"[{""predecessor_id"":""ionizing radiations"",""impact"":""0.5""},{""predecessor_id"":""alcohol-related carcinogens"",""impact"":""0.5""}]",,,,,,,,,,,,,,8697,12.97,2469,1,403,2065,6166,1,1644,4521,2016,https://www.santepubliquefrance.fr/content/download/296577/2795897,2,"[{""successor_id"":""metastases""}]","just predecessor, no computable impact https://www.ncbi.nlm.nih.gov/pmc/articles/PMC6321068/",1,,,,Cancer du foie
medical radiations,root,,,,,,,,,,,,,,,3800,5.67,1900,0,950,0,1900,0,950,0,2015,https://gco.iarc.fr/includes/PAF/PAF_FR_report.pdf 2300+ brain 1500=3800,1,"[{""successor_id"":""brain cancer""},{""successor_id"":""ionizing radiations""}]",,1,,"Y63.2,Y63.3",French distribution of total to gender/age groups based on USA CDC,Radiations médicales
gastric cancer,indirect,"[{""predecessor_id"":""infection"",""impact"":""0.6""},{""predecessor_id"":""cigarette smoke carcinogens"",""impact"":""0.1""},{""predecessor_id"":""pickled food related carcinogens"",""impact"":""0.1""},{""predecessor_id"":""obesity-related inflammation"",""impact"":""0.1""},{""predecessor_id"":""inherited gene mutations"",""impact"":""0.1""}]",,,,,,,,,,,,,,4411,6.58,1525,0,318,1207,2878,0,829,2049,2012,https://lesdonnees.e-cancer.fr/Themes/Types-de-cancer/Le-cancer-de-l-estomac/Epidemiologie-estomac,2,"[{""successor_id"":""metastases"",""impact"":""0.86""},{""successor_id"":""nutritional deficiency"",""impact"":""0.14""}]","World Cancer Report 2014. World Health Organization. 2014. pp. Chapter 5.4. ISBN 978-9283204299. , https://onlinelibrary.wiley.com/doi/full/10.1111/cas.14441",2,,,nutritional deficiency lead to other deseases,Cancer de l'estomac
land and water transport accidents,root,,,,,,,,,,,,,,,4800,7.16,1222,21,734,467,3578,26,2749,803,2007,http://www.invs.sante.fr/surveillance/acvc/Publications/objectif_94.pdf,2,"[{""successor_id"":""traumatic injury""}]",,1,yes,,,Accident de la route
bladder cancer,indirect,"[{""predecessor_id"":""cigarette smoke carcinogens"",""impact"":""0.5""},{""predecessor_id"":""ionizing radiations"",""impact"":""0.2""},{""predecessor_id"":""occupational work"",""impact"":""0.15""},{""predecessor_id"":""infection"",""impact"":""0.15""}]",,,,,,,,,,,,,,5298,7.90,1257,0,139,1118,4041,1,503,3537,2016,http://cepidc-data.inserm.fr/inserm/html/index2.htm,2,"[{""successor_id"":""metastases""}]","https://bcan.org/wp-content/uploads/2018/06/Risks-Part-I.pdf, https://reader.elsevier.com/reader/sd/pii/S030228381300849X?token=CAEEFD3BA5F4582E00194B48B0FB4410E35BA9E716BE20C8327956EF14B64205ABB5DE71173C679140B41DBF557B41B9",2,,,work in textile industry in countries under development? (cause  aromatic amine in dies),Cancer de la vessie
non-Hodgkin lymphoma,indirect,"[{""predecessor_id"":""unknown carcinogens"",""impact"":""0.787""},{""predecessor_id"":""pesticide-related carcinogens"",""impact"":""0.196""},{""predecessor_id"":""AIDS"",""impact"":""0.016""}]",,,,,,,,,,,,,,4241,6.32,1908,3,220,1685,2292,3,392,1897,2009,https://www.ors-na.org/wp-content/uploads/2013/08/LMNH_13.pdf,2,"[{""successor_id"":""infection"",""impact"":""0.35""},{""successor_id"":""haemorrhage"",""impact"":""0.15""},{""successor_id"":""low oxygen in blood"",""impact"":""0.3""},{""successor_id"":""stroke"",""impact"":""0.08""},{""successor_id"":""renal failure"",""impact"":""0.02""},{""successor_id"":""gastroinstestinal system failure"",""impact"":""0.04""},{""successor_id"":""haemorrhage"",""impact"":""0.05""}]",https://jamanetwork.com/journals/jamainternalmedicine/fullarticle/2707948 DEATH FROM NON-HODGKIN’S LYMPHOMA * OStroW et al,1,,,"add indirect link 2before low oxygen in blood?, haemorrhage death from nervous/brain system death",Lymphome non hodgkinien
cancer of the oral cavity and the pharynx,indirect,"[{""predecessor_id"":""alcohol-related carcinogens"",""impact"":""0.5""},{""predecessor_id"":""cigarette smoke carcinogens"",""impact"":""0.5""}]",,,,,,,,,,,,,,4000,5.96,904,0,336,568,2936,0,1412,1524,2011,http://www.invs.sante.fr/Publications-et-outils/Rapports-et-syntheses/Maladies-chroniques-et-traumatismes/2011/Projection-de-l-incidence-et-de-la-mortalite-par-cancer-en-France-en-2011,2,"[{""successor_id"":""metastasis""}]","""not well understood"" https://www.health.ny.gov/statistics/cancer/registry/abouts/oral.htm https://www.sciencedirect.com/science/article/pii/S1368837515003577",1,,,,Cancer de la cavité buccale/Cancer du pharynx
esophageal cancer,indirect,"[{""predecessor_id"":""alcohol-related carcinogens"",""impact"":""0.5""},{""predecessor_id"":""cigarette smoke carcinogens"",""impact"":""0.5""}]",,,,,,,,,,,,,,3830,5.71,883,0,201,682,2947,0,992,1955,2016,http://cepidc-data.inserm.fr/inserm/html/index2.htm,2,"[{""successor_id"":""nutritional deficiency"",""impact"":""0.2""},{""successor_id"":""metastasis"",""impact"":""0.8""}]",https://ro-journal.biomedcentral.com/articles/10.1186/s13014-018-1197-5,1,,,"Originate from 1932 paper, any new source. Diff Squamous-cell carcinoma vs Adenocarcinoma esophageal death tolls?",Cancer de l'œsophage
leukemia,indirect,"[{""predecessor_id"":""ionizing radiations"",""impact"":""1""}]",,,,,,,,,,,,,,3800,5.67,1726,3,199,1524,2074,3,355,1716,,,1,"[{""successor_id"":""infection"",""impact"":""0.7""},{""successor_id"":""haemorrhage"",""impact"":""0.52""}]","https://jamanetwork.com/journals/jama/fullarticle/656006#:~:text=From%20the%20Acute%20Leukemia%20Service,Cancer%20Institute%2C%20Bethesda%2C%20Md.&text=Major%20causes%20of%20death,than%20one%20cause%20of%20death.",1,,,idea: filter blood cells?,Leucémie
kidney cancer,indirect,"[{""predecessor_id"":""cigarette smoke carcinogens"",""impact"":""0.5""},{""predecessor_id"":""nonsteroidal anti-inflammatory drugs"",""impact"":""0.5""}]",,,,,,,,,,,,,,3562,5.31,1266,2,223,1041,2296,1,566,1729,2016,http://cepidc-data.inserm.fr/inserm/html/index2.htm,2,"[{""successor_id"":""coronary heart disease"",""impact"":""0.88""},{""successor_id"":""infection"",""impact"":""0.12""}]",https://jasn.asnjournals.org/content/26/10/2504,1,,,,Cancer du rein
narcotic,root,,,,,,,,,,,,,,,3650,5.44,1270,0,1074,196,2380,0,1979,401,,(don't use deaths in https://www.ofdt.fr/BDD/publications/docs/epfxdlk7.pdf as for a cohort only),1,"[{""successor_id"":""overdose of narcotics""},{""successor_id"":""intoxication non-accident""},{""successor_id"":""unknown""}]",,1,yes,F13-F19,,Produit stupéfiant
asphyxia,indirect,"[{""predecessor_id"":""suffocation by ingestion"",""impact"":""0.89""},{""predecessor_id"":""drowning"",""impact"":""0.11""}]",,,,,,,,,,,,,,3543,5.28,1985,15,359,1611,1558,23,305,1229,2005,https://www.economie.gouv.fr/files/files/directions_services/cnc/Avis_CSC/2005_Avis_Ingestion.pdf,2,"[{""successor_id"":""low oxygen in blood"",""impact"":""1""}]",computed. https://www.nsc.org/in-the-newsroom/nsc-statement-on-new-cdc-data-showing-a-rise-in-accidental-death,2,yes,,outside drowning,Asphyxie
ovarian cancer,indirect,"[{""predecessor_id"":""unknown carcinogens"",""impact"":""0.62""},{""predecessor_id"":""inherited gene mutations"",""impact"":""0.38""}]",,,,,,,,,,,,,,3445,5.14,3445,0,772,2673,0,0,0,0,2016,http://cepidc-data.inserm.fr/inserm/html/index2.htm,2,"[{""successor_id"":""metastasis"",""impact"":""1""}]","World Cancer Report 2014. World, https://ijgc.bmj.com/content/29/3/593",2,,,"BRCA1, BRCA2",Cancer de l'ovaire
brain cancer,indirect,"[{""predecessor_id"":""medical radiations"",""impact"":""0.5""},{""predecessor_id"":""unknown carcinogens"",""impact"":""0.45""},{""predecessor_id"":""inherited gene mutations"",""impact"":""0.05""}]",,,,,,,,,,,,,,2940,4.38,1262,6,516,741,1678,8,766,904,2010,"https://www.cancer-environnement.fr/264-Cancer-du-cerveau.ce.aspx#:~:text=Les%20tumeurs%20c%C3%A9r%C3%A9brales%20sont%20des,cancer%20(INCa%2C%202010).",2,"[{""successor_id"":""haemorrhage""}]","""Cause of death in patients with glioblastoma is multifactorial"" 179-185, 1991, https://www.cancer.net/cancer-types/brain-tumor/risk-factors#:~:text=Family%20history.,and%20von%20Hippel%2DLindau%20disease for 5% from heriditary",1,,C71,French distribution of total to gender/age groups based on CDC wonder for US,Tumeur du cerveau
smoke cannabis,root,,,,,,,,,,,,,,,2840,4.23,994,0,710,284,1846,0,1704,142,,too much contradictory sources. Avg,1,"[{""successor_id"":""ischemia""}]",https://www.sciencedirect.com/science/article/pii/S0379073819300891 https://www.ncbi.nlm.nih.gov/books/NBK425761/ (smoking cannabis doesn't significantly increased cancer risk),2,,F12,French distribution of total to gender/age groups based on CDC wonder for USA,Cannabis
multiple myeloma,indirect,"[{""predecessor_id"":""mgus"",""impact"":""0.5""},{""predecessor_id"":""unknown carcinogens"",""impact"":""0.5""}]",,,,,,,,,,,,,,2800,4.18,1237,0,215,1022,1563,0,309,1254,,estimated based on incidence and regional Poitou-charentes mortality rate,1,"[{""successor_id"":""infection"",""impact"":""0.5""},{""successor_id"":""neoplasm"",""impact"":""0.5""}]","simplified from fig. 2 https://www.nature.com/articles/s41408-018-0068-5#:~:text=To%20conclude%2C%20the%20majority%20of,and%20cardiopulmonary%20failure%20were%20leading.",1,,C90,French distribution of total to gender/age groups based on CDC wonder for USA,maladie de Kahler
industrial radiations,root,,,,,,,,,,,,,,,0,0.00,0,0,0,0,0,0,0,0,,,1,"[{""successor_id"":""ionizing radiations""}]",,1,,,,Radiations industrielles
uterine cancer,indirect,"[{""predecessor_id"":""unknown carcinogens"",""impact"":""1""}]",,,,,,,,,,,,,,2755,4.11,2755,0,507,2248,0,0,0,0,2016,http://cepidc-data.inserm.fr/inserm/html/index2.htm,2,"[{""successor_id"":""metastasis"",""impact"":""1""}]",,1,,," quantify infection by hpv? , metastasis no data evidence",Cancer de l'utérus
sepsis,indirect,"[{""predecessor_id"":""infection"",""impact"":""1""}]",,,,,,,,,,,,,,1800,2.68,1425,7,312,1107,1375,7,360,1008,,contradictory https://www.santepubliquefrance.fr/content/download/186045/2317759 https://www.pasteur.fr/fr/centre-medical/fiches-maladies/sepsis-septicemie,2,"[{""successor_id"":""low blood pressure"",""impact"":""0.5""},{""successor_id"":""ischemia"",""impact"":""0.5""}]",by definition. Is worsening multiple organ failure the cause of death in patients with severe sepsis? DOI: 10.1097/CCM.0b013e31820eda29,1,,"A40,A41",septic shock is merged with blood pressure drop,Septicémie
melanoma,indirect,"[{""predecessor_id"":""natural radiations"",""impact"":""1""}]",,,,,,,,,,,,,,1732,2.58,773,0,261,512,959,0,330,629,2016,http://cepidc-data.inserm.fr/inserm/html/index2.htm,2,"[{""successor_id"":""metastasis"",""impact"":""1""}]",https://pubmed.ncbi.nlm.nih.gov/20623386/,1,,,sun UVs are part of natural radiations. Shall we move tanned lamp radioations to industrial radiations concept?,Mélanome
larynx cancer,indirect,"[{""predecessor_id"":""cigarette smoke carcinogens"",""impact"":""0.5""},{""predecessor_id"":""alcohol-related carcinogens"",""impact"":""0.5""}]",,,,,,,,,,,,,,819,1.22,166,0,65,101,653,0,220,433,2016,https://www.santepubliquefrance.fr/docs/bulletin-epidemiologique-hebdomadaire-12-novembre-2019-n-29-30-surveillance-de-la-mortalite-par-cause-medicale-en-france-les-dernieres-evolutions,2,"[{""successor_id"":""metastasis"",""impact"":""1""}]",predecessors but not impact quantification http://lesterthompsonmd.com/pdf/Eur%20Arch%20Otorhinolaryngol-2014-03_Causes%20of%20death%20of%20patients%20with%20laryngeal%20cancer.pdf,1,,C32,"wood dust, paint fumes not confirmed, French distribution of total to gender/age groups based on CDC wonder for USA",Cancer du larynx
occupational work,root,,,,,,,,,,,,,,,1330,1.98,498.75,0,498.75,0,831,0,831,0,2004,http://opac.invs.sante.fr/doc_num.php?explnum_id=7393,2,"[{""successor_id"":""traumatic injury,""impact"":""0.4024""},{""successor_id"":""bladder cancer"",""impact"":""0.5975""}]",https://www.cdc.gov/niosh/injury/default.html,2,yes,,"trauma during work, French distribution of total to gender/age groups based on accident (not deaths) https://www.anact.fr/web/actualite/essentiel?p_thingIdToShow=36977640",Travail
diarrhea illnesses,indirect,"[{""predecessor_id"":""infection"",""impact"":""1""}]",,,,,,,,,,,,,,1317,1.96,777,17,108,652,540,21,98,421,2008,"https://www-valid.drees.social-sante.gouv.fr/IMG/pdf/esp2011_48_infections_obj40.pdf see cache download ""L’état de santé de la population en France - Rapport 2011 maladies diarrhéetiques.pdf""",2,"[{""successor_id"":""low blood pressure""}]",https://www.who.int/news-room/fact-sheets/detail/diarrhoeal-disease,2,,,"low blood pressure due to dehydration, FRENCH and USA based on CDC wonder for ""non-Injury: Intestinal infections""",Maladies diarrhéiques
mesothelioma cancer,indirect,"[{""predecessor_id"":""exposure to asbestos"",""impact"":""1""}]",,,,,,,,,,,,,,1100,1.64,270,0,62,208,830,0,106,724,2009,https://www.santepubliquefrance.fr/determinants-de-sante/exposition-a-des-agents-physiques/amiante/documents/rapport-synthese/modelisation-de-l-evolution-de-la-mortalite-par-mesotheliome-de-la-plevre-en-france.-projections-a-l-horizon-2050,2,"[{""successor_id"":""low oxygen in blood"",""impact"":""1""}]",https://pubmed.ncbi.nlm.nih.gov/24780577/,1,,C45,"French distribution of total to gender/age groups based on CDC wonder for USA, asbestos might be related to 80% only. what are the missing 20%?",Mésothéliome
cervical cancer,indirect,"[{""predecessor_id"":""infection"",""impact"":""1""}]",,,,,,,,,,,,,,757,1.13,757,0,421,336,0,0,0,0,2016,http://cepidc-data.inserm.fr/inserm/html/index2.htm,2,"[{""successor_id"":""metastasis"",""impact"":""1""}]","https://www.who.int/news-room/fact-sheets/detail/human-papillomavirus-(hpv)-and-cervical-cancer#:~:text=Cervical%20cancer%20is%20caused%20by,%2C%20vagina%2C%20penis%20and%20oropharynx.",1,,,,Cancer du col de l’utérus
burn,indirect,"[{""predecessor_id"":""excessive heat"",""impact"":""1""}]",,,,,,,,,,,,,,215,0.32,86,4,43,39,129,3,74,52,2011,Bulletin épidémiologique hebdomadaire (BEH) 2016,2,"[{""successor_id"":""protein degradation""}]",by definition. http://repository.uki.ac.id/2993/,2,yes,,"sepsis from infection https://www.sciencedirect.com/science/article/pii/S0305417908000715, French distribution of total to gender/age groups based on CDC wonder for USA
",Brulés
excessive heat,indirect,"[{""predecessor_id"":""unknown accidents"",""impact"":""1""}]",,,,,,,,,,,,,,215,0.32,86,4,43,39,129,3,74,52,,,1,"[{""successor_id"":""burn""}]","https://ar.iiarjournals.org/content/32/3/915#:~:text=Temperatures%20between%2046%C2%B0C,%2Dhistone%20complexes%20(9).",2,yes,,,chaleur
intoxication non-accident,indirect,"[{""predecessor_id"":""narcotic"",""impact"":""1""}]",,,,,,,,,,,,,,900,1.34,263,0,223,41,494,0,410,83,2004,,1,"[{""successor_id"":""cell toxicity mechanism""}]",https://www.ncbi.nlm.nih.gov/pmc/articles/PMC6206310/,2,,,French distribution of total to gender/age groups based on Narcotics death distribution alignment,Intoxication hors accidents
intoxication by accident,indirect,"[{""predecessor_id"":""overdose"",""impact"":""0.094""},{""predecessor_id"":""unknown accidents"",""impact"":""0.763""},{""predecessor_id"":""overdose of narcotics"",""impact"":""0.049""},{""predecessor_id"":""drug overdose"",""impact"":""0.044""},{""predecessor_id"":""heroin overdose"",""impact"":""0.034""},{""predecessor_id"":""cocaine overdose"",""impact"":""0.013""}]",,,,,,,,,,,,,,1748,2.61,720,0,261,459,1028,1,620,407,2004,,1,"[{""successor_id"":""cell toxicity mechanism""}]",predecessor sum up. https://www.ncbi.nlm.nih.gov/pmc/articles/PMC6206310/,2,yes,,,Intoxication accidentelle
drowning,root,,,,,,,,,,,,,,,401,0.60,104,15,63,26,296,24,217,55,2006,https://www.santepubliquefrance.fr/maladies-et-traumatismes/traumatismes/noyade/le-lourd-bilan-des-noyades-accidentelles-401-deces-en-france-au-cours-de-l-ete-2006,2,"[{""successor_id"":""asphyxia""}]",https://pubmed.ncbi.nlm.nih.gov/19445027/,2,,,French distribution of total to gender/age groups based on CDC wonder for USA,Noyade
thyroid cancer,indirect,"[{""predecessor_id"":""unknown carcinogens"",""impact"":""1""}]",,,,,,,,,,,,,,227,0.34,121,0,25,96,106,0,28,78,2018,https://www.santepubliquefrance.fr/docs/bulletin-epidemiologique-hebdomadaire-12-novembre-2019-n-29-30-surveillance-de-la-mortalite-par-cause-medicale-en-france-les-dernieres-evolutions,2,"[{""successor_id"":""metastasis"",""impact"":""1""}]",https://cancerres.aacrjournals.org/content/canres/51/4/1234.full.pdf,2,,,French distribution of total to gender/age groups based on CDC wonder for USA,Cancer de la thyroïde
AIDS,indirect,"[{""predecessor_id"":""infection by VIH"",""impact"":""1""}]",,,,,,,,,,,,,,303,0.45,66,0,53,13,237,0,179,58,2016,http://cepidc-data.inserm.fr/inserm/html/index2.htm,2,"[{""successor_id"":""non-Hodgkin lymphoma"",""impact"":""0.23""},{""successor_id"":""infection"",""impact"":""0.77""}]",https://academic.oup.com/ije/article/34/1/121/638504,2,,,,Sida
domestic violence,root,,,,,,,,,,,,,,,224,0.33,71,6,46,19,153,7,128,17,2011,,1,"[{""successor_id"":""traumatic injury""}]",,1,,,"French distribution of total to gender/age groups based CEPIDC ""homicide""",Violences conjugales
overdose,root,,,,,,,,,,,,,,,217,0.32,68,0,56,13,149,1,119,29,2008,,1,"[{""successor_id"":""intoxication by accident""}]",,1,,,"non-drug non-narcotics, French distribution of total to gender/age groups based on CDC wonder X49 for USA",Overdose
Hodgkin's disease,indirect,"[{""predecessor_id"":""unknown carcinogens"",""impact"":""1""}]",,,,,,,,,,,,,,200,0.30,82,0,25,57,118,0,51,68,2011,,1,"[{""successor_id"":""metastases"",""impact"":""0.4625""},{""successor_id"":""infection"" , ""impact"":""0.5375""}]","https://www.sciencedirect.com/science/article/pii/S0923753419550943#:~:text=Results,those%20patients%20with%20autopsy%20study.",1,,C81,"tumor progression (37%) and infections (43%) nromalized to metastases (46.25) and infections (53.75), unknown suspected mutation, French distribution of total to gender/age groups based on CDC wonder for USA",Maladie de Hodgkin
overdose of narcotics,root,,,,,,,,,,,,,,,113,0.17,28,0,27,1,85,0,80,4,2008,,1,"[{""successor_id"":""intoxication by accident""}]",,1,,X42,French distribution of total to gender/age groups based on CDC wonder for USA,Overdose de produits stupéfiants
drug overdose,root,,,,,,,,,,,,,,,103,0.15,36,0,33,2,67,0,64,4,2008,,1,"[{""successor_id"":""intoxication by accident""}]",,1,,"X40,X41,X43,X44",French distribution of total to gender/age groups based on CDC wonder for USA,Overdose Médicamenteuse
contamination due to drug injection,root,,,,,,,,,,,,,,,93,0.14,93,0,0,93,0,0,0,0,2008,,1,"[{""successor_id"":""infection""}]",,1,,Y64,French distribution of total to gender/age groups based on CDC wonder for USA,Contamination au Sida due à l'injection de drogues
testicular cancer,indirect,"[{""predecessor_id"":""unknown carcinogens"",""impact"":""1""}]",,,,,,,,,,,,,,80,0.12,0,0,0,0,80,0,0,80,2011,,1,"[{""successor_id"":""metastasis"",""impact"":""1""}]","""it is important to note that the cause of testicular cancer is not known"" https://www.cancer.net/cancer-types/testicular-cancer/risk-factors",2,,,,Cancer des testicules
military and civilian radiations,root,,,,,,,,,,,,,,,80,0.12,20,0,20,20,0,20,20,20,2007,,1,"[{""successor_id"":""ionizing radiations""}]",,1,,,French distribution done on active age groups so unrealiable,Radiations militaires et civiles
Chernobyl,root,,,,,,,,,,,,,,,80,0.12,40,0,20,20,40,0,20,20,2007,,1,"[{""successor_id"":""ionizing radiations""}]",,1,,W88,French distribution distributed equaly on age bands that existed at accident,Tchernobyl
heroin overdose,root,,,,,,,,,,,,,,,79,0.12,33,0,25,8,46,0,38,7,2008,,1,"[{""successor_id"":""intoxication by accident""}]",,1,,F11,French distribution of total to gender/age groups based on CDC wonder for USA,Overdose d'Héroïne
cocaine overdose,root,,,,,,,,,,,,,,,30,0.04,9,0,8,1,21,0,18,3,2008,,1,"[{""successor_id"":""intoxication by accident""}]",,1,,F14,French distribution of total to gender/age groups based on CDC wonder for USA,Overdose de Cocaïne
air and space transport accidents,root,,,,,,,,,,,,,,,8,0.01,1,0,1,0,7,0,5,2,2012,,1,"[{""successor_id"":""traumatic injury""}]",,1,,"V95,V96,V97",,Accidents d'avions
damaged pulmonary alveoli,indirect,"[{""predecessor_id"":""cigarette smoke irritants"",""impact"":""0.8""},{""predecessor_id"":""poor air quality"",""impact"":""0.17""},{""predecessor_id"":""asthma"",""impact"":""0.03""}]",,,,,,,,,,,,,,16000,23.86,7020,1,179,6840,5998,1,394,5603,,,1,"[{""successor_id"":""chronic obstructive pulmonary disease""}]","cigarettes, https://www.cdc.gov/tobacco/data_statistics/fact_sheets/health_effects/effects_cig_smoking/index.htm#:~:text=Smoking%20causes%20about%2080%25%20(or,obstructive%20pulmonary%20disease%20(COPD).&text=Cigarette%20smoking%20increases%20risk%20for,causes%20in%20men%20and%20women.&text=The%20risk%20of%20dying%20from,50%20years%20in%20the%20U.S., air quality https://erj.ersjournals.com/content/17/5/1024",2,,,,Distension et destruction des alvéoles pulmonaires
inherited gene mutations,root,,,,,,,,,,,,,,,6120,9.12,3426,0,641,2785,2692,0,636,2056,,,1,,,1,,,family history is assumed coming exclusivly from genes,gènes
asthma,root,,,,,,,,,,,,,,,885,1.32,625,1,85,539,260,2,92,166,2016,,1,,,1,,,,Asthme
ischemia,indirect,"[{""predecessor_id"":""vein damaged at surgery"",""impact"":""0.490""},{""predecessor_id"":""immobility"",""impact"":""0.294""},{""predecessor_id"":""cigarette smoke irritants"",""impact"":""0.147""},{""predecessor_id"":""smoke cannabis"",""impact"":""0.049""},{""predecessor_id"":""sepsis"",""impact"":""0.019""}]",,,,,,,,,,,,,,45743,68.21,18486,0,1001,17485,27257,0,4987,22270,,,1,"[{""successor_id"":""coronary heart disease"",""impact"":""?"",""impact"":""13240""},{""successor_id"":""stroke"",""impact"":""?"",""impact"":""23145""},{""successor_id"":""deep vein thrombosis"",""impact"":""?"",""impact"":""3734""},{""successor_id"":""pulmonary embolism"",""impact"":""?"",""impact"":""3143""}]",sum up predecessor impacts https://www.cdc.gov/ncbddd/dvt/facts.html https://www.nejm.org/doi/full/10.1056/NEJM198405033101801 https://www.ahajournals.org/doi/full/10.1161/01.CIR.93.7.1354 https://www.ncbi.nlm.nih.gov/books/NBK53012/,2,,"F01.1 (Multi-infarct dementia); F01.2 (Subcortical vascular dementia); G45.0 (Vertebro-basilar artery syndrome); G45.1 (Carotid artery syndrome (hemispheric)); G45.2 (Multiple and bilateral precerebral artery syndromes); G45.3 (Amaurosis fugax); G45.4 (Transient global amnesia); G45.8 (Other transient cerebral ischaemic attacks and related syndromes); G45.9 (Transient cerebral ischaemic attack, unspecified); G72.0 (Drug-induced myopathy); G72.1 (Alcoholic myopathy); G72.2 (Myopathy due to other toxic agents); G72.3 (Periodic paralysis); G72.4 (Inflammatory myopathy, not elsewhere classified); G72.8 (Other specified myopathies); G72.9 (Myopathy, unspecified); H46 (Optic neuritis); H47.0 (Disorders of optic nerve, not elsewhere classified); H91.0 (Ototoxic hearing loss); H91.1 (Presbycusis); H91.2 (Sudden idiopathic hearing loss); H91.3 (Deaf mutism, not elsewhere classified); H91.8 (Other specified hearing loss); H91.9 (Hearing loss, unspecified); H93.0 (Degenerative and vascular disorders of ear); I20-I25 (Ischaemic heart diseases); I42.0 (Dilated cardiomyopathy); I42.1 (Obstructive hypertrophic cardiomyopathy); I42.2 (Other hypertrophic cardiomyopathy); I42.3 (Endomyocardial (eosinophilic) disease); I42.4 (Endocardial fibroelastosis); I42.5 (Other restrictive cardiomyopathy); I42.6 (Alcoholic cardiomyopathy); I42.7 (Cardiomyopathy due to drugs and other external agents); I42.8 (Other cardiomyopathies); I42.9 (Cardiomyopathy, unspecified); I60-I69 (Cerebrovascular diseases); M62.2 (Ischaemic infarction of muscle); N28.0 (Ischaemia and infarction of kidney); P29.4 (Transient myocardial ischaemia of newborn); P91.0 (Neonatal cerebral ischaemia)","""leg crossed when sitting"" not confirmed, inflammation and genes removed as estimate is below 0.01, French distribution of total to gender/age groups based on French heart ischemia extrapolation ",Ischemie
haemorrhage,indirect,"[{""predecessor_id"":""traumatic injury"",""impact"":""0.8""},{""predecessor_id"":""vitamin K deficiency"",""impact"":""0.09""},{""predecessor_id"":""high blood pressure"",""impact"":""0.09""},{""predecessor_id"":""non-Hodgkin lymphoma"",""impact"":""0.01""},{""predecessor_id"":""brain cancer"",""impact"":""0.01""}]",,,,,,,,,,,,,,9041,13.48,4720,45,868,3808,4320,59,1137,3125,,,1,"[{""successor_id"":""stroke"",""impact"":""0.64"",""impact"":""5786""},{""successor_id"":""infection"",""impact"":""0.36""}]","https://www.ncbi.nlm.nih.gov/pmc/articles/PMC3928341/#:~:text=The%20most%20common%20cause%20of%20death%20was%20infection%20in%20eight,and%20aspiration%20pneumonia%20in%20two.",1,,"A04.3 (Enterohaemorrhagic Escherichia coli infection); A27.0 (Leptospirosis icterohaemorrhagica); A90-A99 (Arthropod-borne viral fevers and viral haemorrhagic fevers); B30.3 (Acute epidemic haemorrhagic conjunctivitis); B33.4 (Hantavirus (cardio)-pulmonary syndrome [HPS][HCPS]); D47.3 (Essential (haemorrhagic) thrombocythaemia - Uncertain neoplasms); D50.0 (Iron deficiency anaemia secondary to blood loss (chronic)); D62 (Acute posthaemorrhagic anaemia); D65-D69 (Coagulation defects, purpura and other haemorrhagic conditions); D75.2 (Essential thrombocytosis); H11.3 (Conjunctival haemorrhage); H31.3 (Choroidal haemorrhage and rupture); H35.6 (Retinal haemorrhage); H43.1 (Vitreous haemorrhage); I60.0 (Subarachnoid haemorrhage from carotid siphon and bifurcation); I60.1 (Subarachnoid haemorrhage from middle cerebral artery); I60.2 (Subarachnoid haemorrhage from anterior communicating artery); I60.3 (Subarachnoid haemorrhage from posterior communicating artery); I60.4 (Subarachnoid haemorrhage from basilar artery); I60.5 (Subarachnoid haemorrhage from vertebral artery); I60.6 (Subarachnoid haemorrhage from other intracranial arteries); I60.7 (Subarachnoid haemorrhage from intracranial artery, unspecified); I60.8 (Other subarachnoid haemorrhage); I60.9 (Subarachnoid haemorrhage, unspecified); I61.0 (Intracerebral haemorrhage in hemisphere, subcortical); I61.1 (Intracerebral haemorrhage in hemisphere, cortical); I61.2 (Intracerebral haemorrhage in hemisphere, unspecified); I61.3 (Intracerebral haemorrhage in brain stem); I61.4 (Intracerebral haemorrhage in cerebellum); I61.5 (Intracerebral haemorrhage, intraventricular); I61.6 (Intracerebral haemorrhage, multiple localized); I61.8 (Other intracerebral haemorrhage); I61.9 (Intracerebral haemorrhage, unspecified); I62.0 (Subdural haemorrhage (acute)(nontraumatic)); I62.1 (Nontraumatic extradural haemorrhage); I62.9 (Intracranial haemorrhage (nontraumatic), unspecified); I69.0 (Sequelae of subarachnoid haemorrhage); I69.1 (Sequelae of intracerebral haemorrhage); I69.2 (Sequelae of other nontraumatic intracranial haemorrhage); I69.4 (Sequelae of stroke, not specified as haemorrhage or infarction); I78.0 (Hereditary haemorrhagic telangiectasia); K25.2 (Gastric ulcer, acute with both haemorrhage and perforation); K25.4 (Gastric ulcer, chronic or unspecified with haemorrhage); K26.0 (Duodenal ulcer, acute with haemorrhage); K26.2 (Duodenal ulcer, acute with both haemorrhage and perforation); K26.4 (Duodenal ulcer, chronic or unspecified with haemorrhage); K27.0 (Peptic ulcer, site unspecified, acute with haemorrhage); K27.2 (Peptic ulcer, site unspecified, acute with both haemorrhage and perforation); K27.4 (Peptic ulcer, site unspecified, chronic or unspecified with haemorrhage); K27.6 (Peptic ulcer, site unspecified, chronic or unspecified with both haemorrhage and perforation); K28.0 (Gastrojejunal ulcer, acute with haemorrhage); K28.2 (Gastrojejunal ulcer, acute with both haemorrhage and perforation); K28.4 (Gastrojejunal ulcer, chronic or unspecified with haemorrhage); K28.6 (Gastrojejunal ulcer, chronic or unspecified with both haemorrhage and perforation); K29.0 (Acute haemorrhagic gastritis); K62.5 (Haemorrhage of anus and rectum); K76.2 (Central haemorrhagic necrosis of liver); K92.2 (Gastrointestinal haemorrhage, unspecified); N42.1 (Congestion and haemorrhage of prostate); N50.1 (Vascular disorders of male genital organs); O03.1 (Spontaneous abortion, incomplete, complicated by delayed or excessive haemorrhage); O04.1 (Medical abortion, incomplete, complicated by delayed or excessive haemorrhage); O05.1 (Other abortion, incomplete, complicated by delayed or excessive haemorrhage); O06.1 (Unspecified abortion, incomplete, complicated by delayed or excessive haemorrhage); O07.1 (Failed medical abortion, complicated by delayed or excessive haemorrhage); O20.0 (Threatened abortion); O20.8 (Other haemorrhage in early pregnancy); O20.9 (Haemorrhage in early pregnancy, unspecified); O44.1 (Placenta praevia with haemorrhage); O46.0 (Antepartum haemorrhage with coagulation defect); O46.8 (Other antepartum haemorrhage); O46.9 (Antepartum haemorrhage, unspecified); O72.0 (Third-stage haemorrhage); O72.1 (Other immediate postpartum haemorrhage); O72.2 (Delayed and secondary postpartum haemorrhage); O72.3 (Postpartum coagulation defects); O73.0 (Retained placenta without haemorrhage); O73.1 (Retained portions of placenta and membranes, without haemorrhage); P10.0 (Subdural haemorrhage due to birth injury); P10.1 (Cerebral haemorrhage due to birth injury); P10.2 (Intraventricular haemorrhage due to birth injury); P10.3 (Subarachnoid haemorrhage due to birth injury); P10.4 (Tentorial tear due to birth injury); P10.8 (Other intracranial lacerations and haemorrhages due to birth injury); P10.9 (Unspecified intracranial laceration and haemorrhage due to birth injury); P12.2 (Epicranial subaponeurotic haemorrhage due to birth injury); P26.0 (Tracheobronchial haemorrhage originating in the perinatal period); P26.1 (Massive pulmonary haemorrhage originating in the perinatal period); P26.8 (Other pulmonary haemorrhages originating in the perinatal period); P26.9 (Unspecified pulmonary haemorrhage originating in the perinatal period); P50-P61 (Haemorrhagic and haematological disorders of newborn); R04.0 (Epistaxis); R04.1 (Haemorrhage from throat); R04.2 (Haemoptysis); R04.8 (Haemorrhage from other sites in respiratory passages); R04.9 (Haemorrhage from respiratory passages, unspecified); R58 (Haemorrhage, not elsewhere classified); Y60.0 (During surgical operation); Y60.1 (During infusion or transfusion); Y60.2 (During kidney dialysis or other perfusion); Y60.3 (During injection or immunization); Y60.4 (During endoscopic examination); Y60.5 (During heart catheterization); Y60.6 (During aspiration, puncture and other catheterization); Y60.7 (During administration of enema); Y60.8 (During other surgical and medical care); Y60.9 (During unspecified surgical and medical care)",brain cancer via herniation,haemorrhage
traumatic injury,direct,"[{""predecessor_id"":""suicides"",""impact"":""0.344""},{""predecessor_id"":""falls"",""impact"":""0.429""},{""predecessor_id"":""land and water transport accidents"",""impact"":""0.195""},{""predecessor_id"":""occupational work"",""impact"":""0.021""},{""predecessor_id"":""domestic violence"",""impact"":""0.009""},{""predecessor_id"":""air and space transport accidents"",""impact"":""0""}]",,,,,,,,,,,,,,25309,37.74,9277.99747,36.14657879,2646.649401,6595.20149,16031.00253,42.34313516,8858.488539,7128.105338,,,1,,by definitions,1,,,,Traumatic injury
vitamin K deficiency,root,,,,,,,,,,,,,,,814,1.21,424.8,4.05,78.12,342.72,388.8,5.31,102.33,281.25,,,1,"[{""successor_id"":""haemorrhage""}]",,1,,,French distribution of total to gender/age groups aligned from successor ,Vitamin K deficiency
high blood pressure,root,,,,,,,,,,,,,,,814,1.21,424.8,4.05,78.12,342.72,388.8,5.31,102.33,281.25,,,1,"[{""successor_id"":""haemorrhage""}]",,1,,,French distribution of total to gender/age groups aligned from successor ,High blood pressure
infection,indirect,"[{""predecessor_id"":""kidney cancer"",""impact"":""0.022""},{""predecessor_id"":""non-Hodgkin lymphoma"",""impact"":""0.078""},{""predecessor_id"":""leukemia"",""impact"":""0.140""},{""predecessor_id"":""breast cancer"",""impact"":""0.667""},{""predecessor_id"":""multiple myeloma"",""impact"":""0.073""},{""predecessor_id"":""contamination due to drug injection"",""impact"":""0.004""},{""predecessor_id"":""AIDS"",""impact"":""0.012""},{""predecessor_id"":""Hodgkin's disease"",""impact"":""0.005""}]",,,,,,,,,,,,,,23309,34.76,12485,59,904,11522,10824,97,1667,9060,,sum up of successor impacts,1,"[{""successor_id"":""pneumonia"",""impact"":""?"",""impact"":""16000""},{""successor_id"":""sepsis"",""impact"":""?"",""impact"":""1800""},{""successor_id"":""gastric cancer"",""impact"":""?"",""impact"":""2641""},{""successor_id"":""cervical cancer"",""impact"":""?"",""impact"":""757""},{""successor_id"":""diarrhea illnesses"",""impact"":""?"",""impact"":""1317""},{""successor_id"":""bladder cancer"",""impact"":""?"",""impact"":""794""}]","World Cancer Report 2014, https://www.ncbi.nlm.nih.gov/pmc/articles/PMC4953807/",1,,,for breakdown see world cancer report table 2.4.1. Major cancer sites related to infectious agents classified as carcinogenic to humans,Infection
low oxygen in blood,direct,"[{""predecessor_id"":""asphyxia"",""impact"":""0.045""},{""predecessor_id"":""non-Hodgkin lymphoma"",""impact"":""0.016""},{""predecessor_id"":""lung cancer"",""impact"":""0.421""},{""predecessor_id"":""pneumonia"",""impact"":""0.206""},{""predecessor_id"":""chronic obstructive pulmonary disease"",""impact"":""0.206""},{""predecessor_id"":""deep vein thrombosis"",""impact"":""0.048""},{""predecessor_id"":""pulmonary embolism"",""impact"":""0.040""},{""predecessor_id"":""mesothelioma cancer"",""impact"":""0.014""}]",,,,,,,,,,,,,,76250,113.70,31920.80733,20.88129584,4919.593335,26980.3327,42380.63806,27.87503128,9913.719907,32437.04492,,,1,,see predecessors and sum up of precessor impacts,1,,,sepsis impact is more low oxygen at organ level,low oxygen in blood
pneumonia,indirect,"[{""predecessor_id"":""infection"",""impact"":""1""}]",,,,,,,,,,,,,,16000,23.86,8628,1,220,8407,7372,1,484,6886,2009,http://www.omedit-centre.fr/portail/gallery_files/site/136/2953/5062/5211.pdf,2,"[{""successor_id"":""low oxygen in blood"",""impact"":""1""}]",by definition,1,,,lung air sacs fill with fluid or pus,Lung air sacs fill with fluid or pus
poor air quality,root,,,,,,,,,,,,,,,9143,13.63,2710.92,0.29,1034.72,1675.91,6734.38,0.29,2295.64,4438.45,,,1,"[{""successor_id"":""lung cancer""}]",,1,,,"excluding radon, asbestos",Poor air quality
metastases,direct,"[{""predecessor_id"":""melanoma"",""impact"":""0.023""},{""predecessor_id"":""uterine cancer"",""impact"":""0.038""},{""predecessor_id"":""cervical cancer"",""impact"":""0.010""},{""predecessor_id"":""colon cancer / rectal cancer"",""impact"":""0.244""},{""predecessor_id"":""prostate cancer"",""impact"":""0.120""},{""predecessor_id"":""pancreatic cancer"",""impact"":""0.153""},{""predecessor_id"":""liver cancer"",""impact"":""0.119""},{""predecessor_id"":""gastric cancer"",""impact"":""0.052""},{""predecessor_id"":""bladder cancer"",""impact"":""0.073""},{""predecessor_id"":""cancer of the oral cavity and the pharynx"",""impact"":""0.055""},{""predecessor_id"":""esophageal cancer"",""impact"":""0.042""},{""predecessor_id"":""ovarian cancer"",""impact"":""0.047""},{""predecessor_id"":""neoplasm"",""impact"":""0.019""},{""predecessor_id"":""thyroid cancer"",""impact"":""0.003""},{""predecessor_id"":""larynx cancer"",""impact"":""0.011""},{""predecessor_id"":""testicular cancer"",""impact"":""0.001""},{""predecessor_id"":""Hodgkin's disease"",""impact"":""0.001""}]",,,,,,,,,,,,,,72398,107.95,31334.67322,17.66183121,7112.54866,24204.46273,41063.32678,18.52338395,10405.40324,30639.40016,,,1,,see predecessors and sum up of precessor impacts,1,,,French distribution of total to gender/age groups align with sum of tumor death from CEPIDC,metastases
APC protein deficiency,indirect,"[{""predecessor_id"":""heme"",""impact"":""0.5""},{""predecessor_id"":""unknown carcinogens"",""impact"":""0.3""},{""predecessor_id"":""inherited gene mutations"",""impact"":""0.2""}]",,,,,,,,,,,,,,14173,21.13,6692.8,0,1045.6,5647.2,7480,0,1456.8,6023.2,,,1,,https://www.uni-bonn.de/news/196-2020 https://molecular-cancer.biomedcentral.com/articles/10.1186/1476-4598-2-41,1,,,,APC protein deficiency
heme,indirect,"[{""predecessor_id"":""red meat"",""impact"":""1""}]",,,,,,,,,,,,,,7086,10.57,3346.4,0,522.8,2823.6,3740,0,728.4,3011.6,,,1,"[{""successor_id"":""APC protein deficiency"",""impact"":""1""}]",https://cancerpreventionresearch.aacrjournals.org/content/4/2/177,2,,,,hème
ionizing radiations,indirect,"[{""predecessor_id"":""industrial radiations"",""impact"":""0""},{""predecessor_id"":""natural radiations"",""impact"":""0.549""},{""predecessor_id"":""medical radiations"",""impact"":""0.421""},{""predecessor_id"":""military and civilian radiations"",""impact"":""0.014""},{""predecessor_id"":""Chernobyl"",""impact"":""0.014""}]",,,,,,,,,,,,,,5460,8.14,4318,0,1559,1829,4314,20,1331,2073,,,1,"[{""successor_id"":""lung cancer""},{""successor_id"":""liver cancer""},{""successor_id"":""bladder cancer""},{""successor_id"":""leukemia""}]",by definition sum up of ionizing radiations,1,,,excluded outside double strand breaks. to review,radiation ionizante
nutritional deficiency,direct,"[{""predecessor_id"":""gastric cancer"",""impact"":""0.397""},{""predecessor_id"":""esophageal cancer"",""impact"":""0.493""},{""predecessor_id"":""gastroinstestinal system failure"",""impact"":""0.109""}]",,,,,,,,,,,,,,1553,2.32,466.365946,0.119986093,93.50916185,372.7367981,1083.874374,0.119986093,330.1017397,753.6526481,,,1,,https://www.ncbi.nlm.nih.gov/pmc/articles/PMC6036662/,2,,,,déficience nutrition
pickled food related carcinogens,root,,,,,,,,,,,,,,,441,0.66,152.5,0,31.8,120.7,287.8,0,82.9,204.9,,,1,"[{""successor_id"":""gastric cancer""}]",mecanism https://pubmed.ncbi.nlm.nih.gov/22499775/,2,,,,nourriture vinaigrée
arsenic-related carcinogens,root,,,,,,,,,,,,,,,0,0.00,0,0,0,0,0,0,0,0,,,1,,mecanism https://www.sciencedirect.com/science/article/pii/S0027510703002082?via%3Dihub,2,,,Inorganic arsenic-related carcinogens compounds interfere with DNA repair mechanisms and an increased frequency of chromosomal aberrations,arsenic
neoplasm,indirect,"[{""predecessor_id"":""multiple myeloma"",""impact"":""1""}]",,,,,,,,,,,,,,1400,2.09,618.5,0,107.5,511,781.5,0,154.5,627,,,1,"[{""successor_id"":""metastases""}]",,2,,,,néoplasme
suffocation by ingestion,root,,,,,,,,,,,,,,,3142,4.69,1766.65,13.35,319.51,1433.79,1386.62,20.47,271.45,1093.81,,,1,,,1,,,,suffocation par ingestion
low blood pressure,direct,"[{""predecessor_id"":""diarrhea illnesses"",""impact"":""0.6""},{""predecessor_id"":""sepsis"",""impact"":""0.4""}]",,,,,,,,,,,,,,2217,3.31,1489.5,20.5,264,1205.5,1227.5,24.5,278,925,,,1,,https://www.ncbi.nlm.nih.gov/pmc/articles/PMC4646706/ and impact computed from predecessors,2,,,,pression artérielle faible
exposure to asbestos,root,,,,,,,,,,,,,,,1100,1.64,270,0,62,208,830,0,106,724,,,1,[mesothelioma cancer],meca https://pubmed.ncbi.nlm.nih.gov/19358470/,2,,,might impact by inflammation and chemical carcinogenesis,exposition à l'amiante
protein degradation,direct,"[{""predecessor_id"":""burn"",""impact"":""1""}]",,,,,,,,,,,,,,215,0.32,86,4,43,39,129,3,74,52,,,1,,https://www.ncbi.nlm.nih.gov/pmc/articles/PMC3292697/,1,,,                             ,dégradation des protéines
insulin-producing cells destruction by immune system,root,,,,,,,,,,,,,,,1128,1.68,570,0,34,536,557,0,80,478,,,1,"[{""successor_id"":""diabetes""}]",https://www.ncbi.nlm.nih.gov/pmc/articles/PMC3510959/,1,,,prec suspected leak fiber+pesticide+processed food https://www.ncbi.nlm.nih.gov/pubmed/31841598,destruction des cellules productrices d'insuline par le système immunitaire
insulin resistant cells,root,,,,,,,,,,,,,,,5074,7.57,2567,0,154,2413,2507,0,358,2149,,,1,"[{""successor_id"":""diabetes""}]",https://www.ncbi.nlm.nih.gov/pmc/articles/PMC6170977/,1,,,prec suspected leak fiber+pesticide++processed food,cellules résistantes à l'insuline
low insulin production by pancreas,root,,,,,,,,,,,,,,,5074,7.57,2567,0,154,2413,2507,0,358,2149,,,1,"[{""successor_id"":""diabetes""}]",,1,,,prec suspected leak fiber+pesticide++processed food,faible production d'insuline par le pancréas
renal failure,indirect,"[{""predecessor_id"":""non-Hodgkin lymphoma"",""impact"":""1""}]",,,,,,,,,,,,,,85,0.13,38,0,4,34,46,0,8,38,,,1,"[{""successor_id"":""cell toxicity mechanism""}]",https://www.ncbi.nlm.nih.gov/pmc/articles/PMC4323911/,2,,,,insuffisance rénale
gastroinstestinal system failure,indirect,"[{""predecessor_id"":""non-Hodgkin lymphoma"",""impact"":""1""}]",,,,,,,,,,,,,,170,0.25,76,0,9,67,92,0,16,76,,,1,"[{""successor_id"":""nutritional deficiency""}]",https://www.ncbi.nlm.nih.gov/pmc/articles/PMC5773925/pdf/f1000research-7-13527.pdf,2,,,,défaillance du système gastro-intestinal
nonsteroidal anti-inflammatory drugs,root,,,,,,,,,,,,,,,1425,2.12,506,1,89,416,918,0,226,692,,,1,"[{""successor_id"":""kidney cancer"",""impact"":""1""}]",,1,,,also tumor inhibitor https://clincancerres.aacrjournals.org/content/20/5/1104,anti-inflammatoires non stéroïdiens
infection by VIH,root,,,,,,,,,,,,,,,303,0.45,66,0,53,13,237,0,179,58,,,1,"[{""successor_id"":""AIDS"",""impact"":""1""}]",,1,,,,infection par le VIH
deep vein thrombosis,indirect,"[{""predecessor_id"":""ischemia"",""impact"":""1""}]",,,,,,,,,,,,,,3734,5.57,2252,1,252,1999,1482,0,323,1159,2013,https://www.santepubliquefrance.fr/content/download/103214/1687194,2,"[{""successor_id"":""low oxygen in blood"",""impact"":""1""}]",https://www.ncbi.nlm.nih.gov/pmc/articles/PMC3262341/,1,,,low oxygen in blood localizied near the clot,thrombose veineuse profonde
pulmonary embolism,indirect,"[{""predecessor_id"":""ischemia"",""impact"":""1""}]",,,,,,,,,,,,,,3143,4.69,1874,1,218,1655,1269,1,277,991,2013,https://www.santepubliquefrance.fr/content/download/103214/1687194,2,"[{""successor_id"":""low oxygen in blood"",""impact"":""1""}]",https://www.ncbi.nlm.nih.gov/books/NBK560551/,1,,,,embolie pulmonaire
immobility,root,,,,,,,,,,,,,,,13723,20.46,5546,0,300,5246,8177,0,1496,6681,,,1,"[{""successor_id"":""ischemia""}]",https://www.ncbi.nlm.nih.gov/pmc/articles/PMC6188238/,1,,,#REF!,immobilité
vein damaged at surgery,root,,,,,,,,,,,,,,,22872,34.10,9243,0,501,8743,13629,0,2494,11135,,,1,"[{""successor_id"":""ischemia""}]",,1,,,,veine endommagée lors de la chirurgie
unknown carcinogens,root,,,,,,,,,,,,,,,22684,33.82,9867.060245,0.6505355997,1160.186977,8706.222732,12807.9491,0.6505355997,2018.582955,10788.99115,,,1,"[{""successor_id"":""prostate cancer""},{""successor_id"":""non-Hodgkin lymphoma""},{""successor_id"":""uterine cancer""},{""successor_id"":""thyroid cancer""},{""successor_id"":""Hodgkin's disease""},{""successor_id"":""testicular cancer""},{""successor_id"":""APC protein deficiency""}]",,1,,,,inconnus carginogènes
unknown accidents,root,,,,,,,,,,,,,,,1963,2.93,805.3156534,5.06998019,306.9150533,493.3306199,1157.684347,4.769583864,693.3958407,459.518922,,,1,"[{""successor_id"":""intoxication by accident"",""impact"":""0.89""},{""successor_id"":""excessive heat"",""impact"":""0.11""}]",,1,,,,inconnus non-carginogènes
red meat,root,,,,,,,,,,,,,,,7086,10.57,3346,0,523,2824,3740,0,728,3012,,,1,"[{""successor_id"":""heme""}]",,1,,,,viande rouge
pesticide-related carcinogens,root,,,,,,,,,,,,,,,840,1.25,282.384,0.444,32.56,249.38,339.216,0.444,58.016,280.756,,,1,"[{""successor_id"":""non-Hodgkin lymphoma""}]",,1,,,,pesticides
mgus,root,,,,,,,,,,,,,,,1400,2.09,618.5,0,107.5,511,781.5,0,154.5,627,,,1,"[{""successor_id"":""multiple myeloma""}]",,1,,,monoclonal gammopathy of undetermined significance,Gammapathie monoclonale de signification indéterminée
cell toxicity mechanism,direct,"[{""predecessor_id"":""intoxication non-accident"",""impact"":""0.329""},{""predecessor_id"":""intoxication by accident"",""impact"":""0.639""},{""predecessor_id"":""renal failure"",""impact"":""0.031""}]",,,,,,,,,,,,,,2733,4.07,1022,0,488,533,1567,1,1038,528,,,1,"[{""successor_id"":""nutritional deficiency""}]",https://pubmed.ncbi.nlm.nih.gov/29939355/,2,,,,mécanisme de toxicité cellulaire